<SalesRequest>
   <amount>700</amount>
   <comment>Non-fuel sale transaction example</comment>
   <coupons>
      <element>1000000011081</element>
   </coupons>
   <currencyCode>AED</currencyCode>
   <extBusinessDate>2019-06-26</extBusinessDate>
   <extTransactionTypeName>ACCRUAL_NON_FUEL</extTransactionTypeName>
   <partner>ZOOM</partner>
   <products>
      <element>
         <amount>150.0</amount>
         <code>ZOOM</code>
         <discounted>false</discounted>
         <quantity>2</quantity>
      </element>
      <element>
         <amount>100.0</amount>
         <code>QOC</code>
         <discounted>false</discounted>
         <quantity>4</quantity>
      </element>
   </products>
</SalesRequest>