<?xml version="1.0" encoding="UTF-8" ?>
<SalesResponse><balance>7241</balance>
<blockAccount>false</blockAccount>
<blockCustomer>false</blockCustomer>
<blockUser>false</blockUser>
<bonusPointTypes>
    <mainBalance>true</mainBalance>
    <pointType>YES</pointType>
    <points>1100</points>
</bonusPointTypes>
<bonusPointTypes>
    <mainBalance>true</mainBalance>
    <pointType>BONUS</pointType>
    <points>100</points>
</bonusPointTypes>
<bonusPoints>1200</bonusPoints>
<extProducts>
    <extAmount>150</extAmount>
    <extCode>ZOOM</extCode>
    <extDiscounted>false</extDiscounted>
    <extQuantity>2</extQuantity>
</extProducts>
<extProducts>
    <extAmount>100</extAmount>
    <extCode>QOC</extCode>
    <extDiscounted>false</extDiscounted>
    <extQuantity>4</extQuantity>
</extProducts>
<issuedCoupons>
    <couponNumber>1000000011425</couponNumber>
    <expiryDate>2019-08-14</expiryDate>
    <id>3015</id>
    <type>FREECW</type>
    <typeName>Free Car Wash</typeName>
</issuedCoupons>
<loanPoints>0</loanPoints>
<message>Congratulations! You get 60 AED discount.
Congratulations! You earned a free car was coupon.
0
</message>
<moneyAmount>640</moneyAmount>
<moneyDiscount>60</moneyDiscount>
<pointBalances>
    <mainBalance>true</mainBalance>
    <pointType>YES</pointType>
    <points>5241</points>
</pointBalances>
<pointBalances>
    <mainBalance>true</mainBalance>
    <pointType>BONUS</pointType>
    <points>2000</points>
</pointBalances>
<pointTypes>
    <mainBalance>true</mainBalance>
    <pointType>YES</pointType>
    <points>1100</points>
</pointTypes>
<pointTypes>
    <mainBalance>true</mainBalance>
    <pointType>BONUS</pointType>
    <points>100</points>
</pointTypes>
<points>1200</points>
<transactionId>24002</transactionId>
<usedCoupons>
    <couponNumber>1000000011081</couponNumber>
    <expiryDate>2019-08-09T19:59:59Z</expiryDate>
    <status>U</status>
    <type>FREECW</type>
    <unlimitedUse>false</unlimitedUse>
    <useResult>F</useResult>
    <usedQuantity>1</usedQuantity>
</usedCoupons>
</SalesResponse>