{"balance":28841,"blockAccount":false,"blockCustomer":false,"blockUser":false,"bonusPointTypes":[{"mainBalance":true,"pointType":"YES","points":1100},{"mainBalance":true,"pointType":"BONUS","points":100}],"bonusPoints":1200,"extProducts":[{"extAmount":150.0,"extCode":"ZOOM","extDiscounted":false,"extQuantity":2.0},{"extAmount":100.0,"extCode":"QOC","extDiscounted":false,"extQuantity":4.0}],"issuedCoupons":[{"couponNumber":"1000000011487","expiryDate":"2019-08-15","id":3033,"type":"FREECW","typeName":"Free Car Wash"}],"loanPoints":0,"message":"Congratulations! You get 60 AED discount.\nCongratulations! You earned a free car was coupon.\n0\n","moneyAmount":640.0,"moneyDiscount":60.0,"pointBalances":[{"mainBalance":true,"pointType":"YES","points":25041},{"mainBalance":true,"pointType":"BONUS","points":3800}],"pointTypes":[{"mainBalance":true,"pointType":"YES","points":1100},{"mainBalance":true,"pointType":"BONUS","points":100}],"points":1200,"transactionId":24310,"usedCoupons":[{"couponNumber":"1000000011081","expiryDate":"2019-08-09T19:59:59Z","status":"U","type":"FREECW","unlimitedUse":false,"useResult":"F","usedQuantity":1},{"couponNumber":"1000000011082","useResult":"E"}]}