<TransactionProcessorServiceRequestRecord>
	<HTTP_METHOD>POST</HTTP_METHOD>
	<CLM_METHOD>sales</CLM_METHOD>
	<CompanyCode>1</CompanyCode>
	<CallingSystem>ENOC_Loyalty_BSBFuel_Service</CallingSystem>
	<SiteNo>10</SiteNo>
	<RequestId>00b0b7ee-3d87-4764-8b83-e0cfcfd52565</RequestId>
	<SaleRequest>
		<identifierId>5000003425</identifierId>
		<simulate>false</simulate>
		<CLMTransactionProcessorServiceTransactionIdSalesRequest xmlns="http://enoc.com/biztalk/loyalty/CLMTransactionProcessorServiceTransactionIdSalesRequest">
			<attributes xmlns="">
				<code>moneyPaid</code>
				<value>48.7800</value>
			</attributes>
			<attributes xmlns="">
				<code>enocTrnId</code>
				<value>1000002019111409370000131363</value>
			</attributes>
			<attributes xmlns="">
				<code>enocCompany</code>
				<value>1</value>
			</attributes>
			<comment xmlns="" />
			<extTransactionTypeName xmlns="">ACCRUAL_FUEL</extTransactionTypeName>
			<location xmlns="">10</location>
			<partner xmlns="">FUEL</partner>
			<date xmlns="">2019-11-14T05:37:15</date>
			<extBusinessDate xmlns="">2016-10-31</extBusinessDate>
			<currencyCode xmlns="">AED</currencyCode>
			<products xmlns="">
				<code>FUEL_95</code>
				<quantity>32.52</quantity>
				<amount>48.78</amount>
			</products>
		</CLMTransactionProcessorServiceTransactionIdSalesRequest>
	</SaleRequest>
</TransactionProcessorServiceRequestRecord>