<ns0:CLMTransactionProcessorServiceTransactionIdSalesReturnResponse xmlns:ns0="http://enoc.com/biztalk/loyalty/CLMTransactionProcessorServiceTransactionIdSalesReturnResponse">
  <ns0:balance>1538</ns0:balance>
  <ns0:blockAccount>false</ns0:blockAccount>
  <ns0:blockCustomer>false</ns0:blockCustomer>
  <ns0:blockUser>false</ns0:blockUser>
  <ns0:bonusPointTypes>
    <ns0:mainBalance>true</ns0:mainBalance>
    <ns0:pointType>YES</ns0:pointType>
    <ns0:points>112</ns0:points>
  </ns0:bonusPointTypes>
  <ns0:bonusPoints>112</ns0:bonusPoints>
  <ns0:extProducts>
    <ns0:extAmount>56.25</ns0:extAmount>
    <ns0:extCode>ZOOM</ns0:extCode>
    <ns0:extDiscounted>false</ns0:extDiscounted>
    <ns0:extQuantity>25</ns0:extQuantity>
  </ns0:extProducts>
  <ns0:issuedCoupons>
    <ns0:couponNumber>1000000037388</ns0:couponNumber>
    <ns0:expiryDate>2019-12-19</ns0:expiryDate>
    <ns0:id>7040</ns0:id>
    <ns0:type>100BONUSPOINTS</ns0:type>
    <ns0:typeName>100 extra points</ns0:typeName>
  </ns0:issuedCoupons>
  <ns0:loanPoints>0</ns0:loanPoints>
  <ns0:message>Congratulations! You earned 112 points from your purchase
</ns0:message>
  <ns0:moneyAmount>56.25</ns0:moneyAmount>
  <ns0:pointBalances>
    <ns0:mainBalance>true</ns0:mainBalance>
    <ns0:pointType>YES</ns0:pointType>
    <ns0:points>900</ns0:points>
  </ns0:pointBalances>
  <ns0:pointBalances>
    <ns0:mainBalance>true</ns0:mainBalance>
    <ns0:pointType>BONUS</ns0:pointType>
    <ns0:points>638</ns0:points>
  </ns0:pointBalances>
  <ns0:pointTypes>
    <ns0:mainBalance>true</ns0:mainBalance>
    <ns0:pointType>YES</ns0:pointType>
    <ns0:points>112</ns0:points>
  </ns0:pointTypes>
  <ns0:points>112</ns0:points>
</ns0:CLMTransactionProcessorServiceTransactionIdSalesReturnResponse>