<TransactionProcessorServiceRequestRecord><HTTP_METHOD>POST</HTTP_METHOD><CLM_METHOD>sales</CLM_METHOD><CompanyCode>1</CompanyCode><CallingSystem>ENOC_Loyalty_BSB_TasjeelHOService</CallingSystem><SiteNo>1044</SiteNo><RequestId>bb6ac15a-42d6-4fe3-803b-72a0da256e18</RequestId><SaleRequest><identifierId>5000001288</identifierId><simulate>false</simulate><CLMTransactionProcessorServiceTransactionIdSalesRequest xmlns="http://enoc.com/biztalk/loyalty/CLMTransactionProcessorServiceTransactionIdSalesRequest"><attributes xmlns=""><code>enocTrnId</code><value>78898</value></attributes><attributes xmlns=""><code>enocCompany</code><value>1</value></attributes><comment xmlns="" /><extTransactionTypeName xmlns="">REDEMPTION_NON_FUEL</extTransactionTypeName><partner xmlns="">ZOOM</partner><extBusinessDate xmlns="">2020-01-20</extBusinessDate><extAmount xmlns="">36</extAmount><currencyCode xmlns="">AED</currencyCode><products xmlns=""><code>PV</code><quantity>1</quantity><amount>10</amount></products><products xmlns=""><code>PV2</code><quantity>1</quantity><amount>10</amount></products></CLMTransactionProcessorServiceTransactionIdSalesRequest></SaleRequest></TransactionProcessorServiceRequestRecord>