<ns0:TransactionProcessorServiceResponseRecord xmlns:ns0="http://enoc.com/biztalk/loyalty/TransactionProcessorServiceResponse" xmlns:ns4="http://enoc.com/biztalk/loyalty/CLMTransactionProcessorServiceCouponRedemptionResponse" xmlns:ns6="http://enoc.com/biztalk/clm/ErrorResponse" xmlns:ns5="http://enoc.com/biztalk/loyalty/CLMTransactionProcessorServiceProductReturnResponse" xmlns:ns3="http://enoc.com/biztalk/loyalty/CLMTransactionProcessorServiceIdentifiersNosalesResponse" xmlns:ns2="http://enoc.com/biztalk/loyalty/CLMTransactionProcessorServiceTransactionIdReverseResponse" xmlns:ns1="http://enoc.com/biztalk/loyalty/CLMTransactionProcessorServiceTransactionIdSalesReturnResponse"><ns0:BiztalkStatus>Success</ns0:BiztalkStatus><ns0:BiztalkCode>200</ns0:BiztalkCode><ns0:BiztalkMessage>Message processed successfully</ns0:BiztalkMessage><ns0:CLMResponse><ns0:CLMStatus>Success</ns0:CLMStatus><ns0:CLMStatusCode>200</ns0:CLMStatusCode><ns0:CLMMessage>Message processed successfully</ns0:CLMMessage><ns1:CLMTransactionProcessorServiceTransactionIdSalesReturnResponse><ns1:transactionId>200509</ns1:transactionId><ns1:message></ns1:message><ns1:points>-3600</ns1:points><ns1:balance>856947</ns1:balance><ns1:moneyAmount>20</ns1:moneyAmount><ns1:loanPoints>0</ns1:loanPoints><ns1:bonusPoints>0</ns1:bonusPoints><ns1:pointTypes><ns1:pointType>YES</ns1:pointType><ns1:points>-3600</ns1:points>
    </ns1:pointTypes><ns1:pointBalances><ns1:pointType>YES</ns1:pointType><ns1:points>855357</ns1:points>
    </ns1:pointBalances><ns1:pointBalances><ns1:pointType>BONUS</ns1:pointType><ns1:points>1590</ns1:points>
    </ns1:pointBalances><ns1:blockUser>false</ns1:blockUser><ns1:blockCustomer>false</ns1:blockCustomer><ns1:blockAccount>false</ns1:blockAccount><ns1:extProducts><ns1:extCode>PV</ns1:extCode><ns1:extQuantity>1</ns1:extQuantity><ns1:extAmount>10</ns1:extAmount><ns1:extDiscounted>false</ns1:extDiscounted>
    </ns1:extProducts><ns1:extProducts><ns1:extCode>PV2</ns1:extCode><ns1:extQuantity>1</ns1:extQuantity><ns1:extAmount>10</ns1:extAmount><ns1:extDiscounted>false</ns1:extDiscounted>
    </ns1:extProducts><ns6:CLMError><ns6:error></ns6:error></ns6:CLMError></ns1:CLMTransactionProcessorServiceTransactionIdSalesReturnResponse></ns0:CLMResponse></ns0:TransactionProcessorServiceResponseRecord>